PDB_ID	grafted_euclidean_all_raw_embeddings	grafted_cosine_all_raw_embeddings	grafted_euclidean_connector1_raw_embeddings	grafted_cosine_connector1_raw_embeddings	grafted_euclidean_connector2_raw_embeddings	grafted_cosine_connector2_raw_embeddings	grafted_euclidean_connector3_raw_embeddings	grafted_cosine_connector3_raw_embeddings
6lr7B_7nowA	10.37863597225239	0.9673984321500048	9.6460759312831	0.9386306925904752	8.423049637069859	0.9634295865737044	11.232627525470393	0.9495985411071848
6lr7B_5immB	10.693887222577228	0.9557274339956195	9.868255535940712	0.9366055386767446	8.635021762095107	0.9666349327295056	11.125059743054994	0.9532928315818918
6lr7B_4dkaB	11.567250621450881	0.9539958548825778	9.96424546990944	0.9460832032074148	10.887817248515686	0.946630264255266	10.993724362855083	0.9544992614178244
6lr7B_7aqyD	11.838596314259792	0.9566695884933984	8.758530671356588	0.9474928841020624	9.747315303247452	0.9557230974610672	9.990066517594173	0.937234129362174
6lr7B_8taoC	12.251580696470239	0.9496461401669144	10.495405054966746	0.9459365329055068	7.809520322309921	0.9445735269165844	11.636347811558318	0.9429113744363948
6lr7B_6gwqB	13.368028959612678	0.954315597735228	10.509833705712335	0.9483710094773018	10.15338722300555	0.9522284532696352	11.219675120883645	0.9567088027878572
6lr7B_3k1kC	14.101504478094595	0.961002938453094	11.691434837657733	0.9549345462384768	10.861343463262285	0.9458462358642205	12.337219850786262	0.9546032921336044
6lr7B_1zmyA	14.840390930204505	0.952187776093262	12.956472672340931	0.9293748296491278	10.65527427300587	0.9292858071403848	11.61146932904934	0.9536219608728512
6lr7B_6jb8A	19.280661281157517	0.9428448027963976	13.941371378284188	0.9240618910079232	20.333920032765707	0.904705308223946	14.183244739183149	0.9535330663133658
6lr7B_7ubyC	32.05564334967713	0.8143454153304045	50.2623815242118	0.563652675151171	10.170881270065157	0.9337359990049892	11.837282885432087	0.9392787089598528
