PDB_ID	grafted_euclidean_all_raw_embeddings	original_euclidean_all_raw_embeddings
5m2jD_M99655_IGHV3-16_01_5M2J_CDR3_FR4_Q108L	20.18	28.83
5m2jD_MH332884_IGHV3-20_03_5M2J_CDR3_FR4_Q108L	21.44	28.44
5m2jD_MK540646_IGHV3-20_04_5M2J_CDR3_FR4_Q108L	21.64	28.91
5m2jD_M99657_IGHV3-20_01_5M2J_CDR3_FR4_Q108L	21.69	29.92
5m2jD_KC713939_IGHV3-13_05_5M2J_CDR3_FR4_Q108L	21.82	29.79
5m2jD_AB019437_IGHV3-64_02_5M2J_CDR3_FR4_Q108L	21.91	29.17
5m2jD_AC245166_IGHV3-23_04_5M2J_CDR3_FR4_Q108L	22.8	32.36
5m2jD_M77298_IGHV3-64_03_5M2J_CDR3_FR4_Q108L	22.84	31.63
5m2jD_AY757302_IGHV3-23_05_5M2J_CDR3_FR4_Q108L	22.9	32.13
5m2jD_IMGT000176_IGHV3-16_04_5M2J_CDR3_FR4_Q108L	23.31	32.17
5m2jD_M99682_IGHV3-64_01_5M2J_CDR3_FR4_Q108L	23.9	29.4
5m2jD_IMGT000056_IGHV3-33_07_5M2J_CDR3_FR4_Q108L	24.07	27.34
5m2jD_MK540647_IGHV3-64_07_5M2J_CDR3_FR4_Q108L	24.67	30.47
5m2jD_M99652_IGHV3-11_01_5M2J_CDR3_FR4_Q108L	24.78	27.39
5m2jD_AB019437_IGHV3-66_03_5M2J_CDR3_FR4_Q108L	25.15	31.75
